,tot_comparisons,precision,recall,f1 score,frac_na
input,1091,0.9900090826521344,0.9882139619220308,0.9891107078039928,0.00916590284142988
pre_processed,1090,0.9963403476669717,0.9882032667876588,0.992255125284738,0.0027522935779816515
