,tot_comparisons,precision,recall,f1 score,frac_na
input,798,0.9850931677018634,0.9838709677419355,0.9844816883923029,0.008771929824561403
pre_processed,792,0.9924717691342535,0.9838308457711443,0.9881324172392255,0.006313131313131313
