,tot_comparisons,precision,recall,f1 score,frac_na
input,891,0.9855715871254163,0.9888641425389755,0.9872151195108394,0.01122334455667789
pre_processed,887,0.9955056179775281,0.9888392857142857,0.9921612541993281,0.0033821871476888386
