,tot_comparisons,precision,recall,f1 score,frac_na
input,599,0.9802955665024631,0.9933444259567388,0.9867768595041322,0.01669449081803005
pre_processed,597,0.9916805324459235,0.9933333333333333,0.9925062447960034,0.006700167504187605
