,tot_comparisons,precision,recall,f1 score,frac_na
input,1856,0.9872136387852957,0.9835456475583864,0.9853762297261367,0.011314655172413793
pre_processed,1852,0.9908944831280129,0.9835194045720361,0.9871931696905016,0.008099352051835854
