,tot_comparisons,precision,recall,f1 score,frac_na
input,803,0.984009840098401,0.9900990099009901,0.987045033929673,0.012453300124533
pre_processed,792,0.9924717691342535,0.9838308457711443,0.9881324172392255,0.006313131313131313
