,tot_comparisons,precision,recall,f1 score,frac_na
input,1220,0.9822294022617124,0.9959049959049959,0.989019926799512,0.014754098360655738
pre_processed,1212,0.9893790849673203,0.9958881578947368,0.9926229508196721,0.009900990099009901
